Year,State_District_Code,District_ID,CD,State,Name,Legislative_Experience,dwn1,icpsr,Female,Same,Black,Latino/a,Asian,Native_Amer,MENA,Party,cosponsorship,bills_introduced,leadership_score,state_abb,District_Race_W,District_Race_B,District_Race_A,District_L,PCI,2020_Prez_Vote_D,prez_vote_d_2016,prez_vote_d_2012,Group,treatment
2013,CA03,24,3,California,"GARAMENDI, John",20,-0.309,20958,0,1,0,0,0,0,0,1,181,4,0.755902038,CA,0.49,0.063,0.102,0.288,27660,54.88382599,52.99100295,54.3,B,0
2014,CA03,24,3,California,"GARAMENDI, John",21,-0.309,20958,0,1,0,0,0,0,0,1,331,6,0.744204688,CA,0.488,0.058,0.111,0.29,28720,54.88382599,52.99100295,54.3,B,0
2015,CA03,24,3,California,"GARAMENDI, John",22,-0.309,20958,0,1,0,0,0,0,0,1,275,6,0.448147147,CA,0.474,0.061,0.108,0.3,29283,54.88382599,52.99100295,54.3,B,0
2016,CA03,24,3,California,"GARAMENDI, John",23,-0.309,20958,0,1,0,0,0,0,0,1,427,13,0.805979262,CA,0.48,0.06,0.104,0.297,31523,54.88382599,52.99100295,54.3,B,0
2017,CA03,24,3,California,"GARAMENDI, John",24,-0.309,20958,0,1,0,0,0,0,0,1,334,5,0.711222318,CA,0.466,0.059,0.114,0.303,31742,54.88382599,52.99100295,54.3,B,0
2018,CA03,24,3,California,"GARAMENDI, John",25,-0.309,20958,0,1,0,0,0,0,0,1,503,10,0.723819124,CA,0.464,0.056,0.115,0.299,31575,54.88382599,52.99100295,54.3,B,0
2019,CA03,24,3,California,"GARAMENDI, John",26,-0.309,20958,0,1,0,0,0,0,0,1,396,22,0.884,CA,0.459,0.062,0.11,0.302,34234,54.88382599,52.99100295,54.3,B,0
2020,CA03,24,3,California,"GARAMENDI, John",27,-0.309,20958,0,1,0,0,0,0,0,1,565,32,0.821318746,CA,0.461,0.061,0.114,0.301,32955,54.88382599,52.99100295,54.3,B,0
2013,CA05,26,5,California,"THOMPSON, Michael",23,-0.395,29901,0,1,0,0,0,0,0,1,148,8,0.52118334,CA,0.523,0.057,0.103,0.27,35378,72.44896,69.15214455,69.7,B,0
2014,CA05,26,5,California,"THOMPSON, Michael",24,-0.395,29901,0,1,0,0,0,0,0,1,314,15,0.263011022,CA,0.501,0.063,0.111,0.276,36205,72.44896,69.15214455,69.7,B,0
2015,CA05,26,5,California,"THOMPSON, Michael",25,-0.395,29901,0,1,0,0,0,0,0,1,269,9,0.68574799,CA,0.496,0.057,0.115,0.279,37575,72.44896,69.15214455,69.7,B,0
2016,CA05,26,5,California,"THOMPSON, Michael",26,-0.395,29901,0,1,0,0,0,0,0,1,383,20,0.052297557,CA,0.493,0.059,0.113,0.278,37979,72.44896,69.15214455,69.7,B,0
2017,CA05,26,5,California,"THOMPSON, Michael",27,-0.395,29901,0,1,0,0,0,0,0,1,250,20,0.266619949,CA,0.485,0.059,0.111,0.292,39895,72.44896,69.15214455,69.7,B,0
2018,CA05,26,5,California,"THOMPSON, Michael",28,-0.395,29901,0,1,0,0,0,0,0,1,365,24,0.256624342,CA,0.487,0.062,0.111,0.292,40350,72.44896,69.15214455,69.7,B,0
2019,CA05,26,5,California,"THOMPSON, Michael",29,-0.395,29901,0,1,0,0,0,0,0,1,273,37,0.978,CA,0.492,0.063,0.115,0.289,43366,72.44896,69.15214455,69.7,B,0
2020,CA05,26,5,California,"THOMPSON, Michael",30,-0.395,29901,0,1,0,0,0,0,0,1,455,55,0.964994247,CA,0.488,0.059,0.111,0.286,41462,72.44896,69.15214455,69.7,B,0
2013,CA09,30,9,California,"McNERNEY, Jerry",6,-0.263,20702,0,1,0,0,0,0,0,1,140,11,0.571751601,CA,0.359,0.081,0.143,0.374,25577,57.91499584,56.55923188,57.8,B,0
2014,CA09,30,9,California,"McNERNEY, Jerry",7,-0.263,20702,0,1,0,0,0,0,0,1,265,25,0.819241875,CA,0.355,0.093,0.137,0.371,26512,57.91499584,56.55923188,57.8,B,0
2015,CA09,30,9,California,"McNERNEY, Jerry",8,-0.263,20702,0,1,0,0,0,0,0,1,188,15,0.194679592,CA,0.352,0.087,0.14,0.376,27305,57.91499584,56.55923188,57.8,B,0
2016,CA09,30,9,California,"McNERNEY, Jerry",9,-0.263,20702,0,1,0,0,0,0,0,1,330,28,0.27018818,CA,0.336,0.09,0.142,0.382,28578,57.91499584,56.55923188,57.8,B,0
2017,CA09,30,9,California,"McNERNEY, Jerry",10,-0.263,20702,0,1,0,0,0,0,0,1,240,13,0.064816151,CA,0.339,0.086,0.14,0.381,29702,57.91499584,56.55923188,57.8,B,0
2018,CA09,30,9,California,"McNERNEY, Jerry",11,-0.263,20702,0,1,0,0,0,0,0,1,428,22,0.313505976,CA,0.328,0.087,0.147,0.392,29984,57.91499584,56.55923188,57.8,B,0
2019,CA09,30,9,California,"McNERNEY, Jerry",12,-0.263,20702,0,1,0,0,0,0,0,1,310,14,0.328,CA,0.316,0.093,0.159,0.384,31550,57.91499584,56.55923188,57.8,B,0
2020,CA09,30,9,California,"McNERNEY, Jerry",13,-0.263,20702,0,1,0,0,0,0,0,1,488,21,0.250281812,CA,0.326,0.087,0.146,0.388,30158,57.91499584,56.55923188,57.8,B,0
2013,CA15,36,15,California,"SWALWELL, Eric",0,-0.366,21306,0,1,0,0,0,0,0,1,186,7,0.833220393,CA,0.353,0.056,0.298,0.238,40764,71.50295328,69.92577389,68,B,0
2014,CA15,36,15,California,"SWALWELL, Eric",1,-0.366,21306,0,1,0,0,0,0,0,1,367,9,0.839046634,CA,0.33,0.064,0.325,0.228,41874,71.50295328,69.92577389,68,B,0
2015,CA15,36,15,California,"SWALWELL, Eric",2,-0.366,21306,0,1,0,0,0,0,0,1,344,5,0.799515186,CA,0.326,0.059,0.335,0.222,44413,71.50295328,69.92577389,68,B,0
2016,CA15,36,15,California,"SWALWELL, Eric",3,-0.366,21306,0,1,0,0,0,0,0,1,553,10,0.696162509,CA,0.333,0.049,0.333,0.23,47991,71.50295328,69.92577389,68,B,0
2017,CA15,36,15,California,"SWALWELL, Eric",4,-0.366,21306,0,1,0,0,0,0,0,1,361,8,0.876418274,CA,0.317,0.055,0.348,0.225,50675,71.50295328,69.92577389,68,B,0
2018,CA15,36,15,California,"SWALWELL, Eric",5,-0.366,21306,0,1,0,0,0,0,0,1,482,15,0.451854726,CA,0.312,0.05,0.357,0.223,51009,71.50295328,69.92577389,68,B,0
2019,CA15,36,15,California,"SWALWELL, Eric",6,-0.366,21306,0,1,0,0,0,0,0,1,388,14,0.539,CA,0.305,0.047,0.369,0.215,54097,71.50295328,69.92577389,68,B,0
2020,CA15,36,15,California,"SWALWELL, Eric",7,-0.366,21306,0,1,0,0,0,0,0,1,551,21,0.499841944,CA,0.308,0.055,0.36,0.221,51640,71.50295328,69.92577389,68,B,0
2013,CA28,49,28,California,"SCHIFF, Adam",17,-0.35,20104,0,1,0,0,0,0,0,1,214,11,0.237516432,CA,0.558,0.028,0.129,0.252,42620,70.88976537,72.13210535,70.3,B,0
2014,CA28,49,28,California,"SCHIFF, Adam",18,-0.35,20104,0,1,0,0,0,0,0,1,376,17,0.362164927,CA,0.544,0.021,0.136,0.266,41331,70.88976537,72.13210535,70.3,B,0
2015,CA28,49,28,California,"SCHIFF, Adam",19,-0.35,20104,0,1,0,0,0,0,0,1,281,6,0.306191348,CA,0.562,0.029,0.132,0.242,44914,70.88976537,72.13210535,70.3,B,0
2016,CA28,49,28,California,"SCHIFF, Adam",20,-0.35,20104,0,1,0,0,0,0,0,1,410,9,0.089642117,CA,0.554,0.03,0.132,0.246,45228,70.88976537,72.13210535,70.3,B,0
2017,CA28,49,28,California,"SCHIFF, Adam",21,-0.35,20104,0,1,0,0,0,0,0,1,245,9,0.381305196,CA,0.568,0.032,0.122,0.242,45241,70.88976537,72.13210535,70.3,B,0
2018,CA28,49,28,California,"SCHIFF, Adam",22,-0.35,20104,0,1,0,0,0,0,0,1,415,16,0.429494295,CA,0.574,0.022,0.129,0.236,49147,70.88976537,72.13210535,70.3,B,0
2019,CA28,49,28,California,"SCHIFF, Adam",23,-0.35,20104,0,1,0,0,0,0,0,1,346,17,0.727,CA,0.541,0.026,0.149,0.239,48121,70.88976537,72.13210535,70.3,B,0
2020,CA28,49,28,California,"SCHIFF, Adam",24,-0.35,20104,0,1,0,0,0,0,0,1,467,31,0.723999716,CA,0.55,0.028,0.13,0.245,48473,70.88976537,72.13210535,70.3,B,0
2013,CA47,68,47,California,"LOWENTHAL, Alan",NA,-0.449,21313,0,1,0,0,0,0,0,1,343,3,0.289797391,CA,0.323,0.074,0.209,0.354,29670,62.44855652,62.61342521,60,B,0
2014,CA47,68,47,California,"LOWENTHAL, Alan",NA,-0.449,21313,0,1,0,0,0,0,0,1,588,8,0.300527392,CA,0.326,0.069,0.229,0.343,30694,62.44855652,62.61342521,60,B,0
2015,CA47,68,47,California,"LOWENTHAL, Alan",NA,-0.449,21313,0,1,0,0,0,0,0,1,415,13,0.523750865,CA,0.306,0.068,0.219,0.363,31559,62.44855652,62.61342521,60,B,0
2016,CA47,68,47,California,"LOWENTHAL, Alan",NA,-0.449,21313,0,1,0,0,0,0,0,1,655,22,0.547059178,CA,0.304,0.073,0.214,0.367,32735,62.44855652,62.61342521,60,B,0
2017,CA47,68,47,California,"LOWENTHAL, Alan",NA,-0.449,21313,0,1,0,0,0,0,0,1,386,13,0.580554527,CA,0.314,0.069,0.236,0.349,34388,62.44855652,62.61342521,60,B,0
2018,CA47,68,47,California,"LOWENTHAL, Alan",NA,-0.449,21313,0,1,0,0,0,0,0,1,616,18,0.61812138,CA,0.318,0.074,0.227,0.341,34991,62.44855652,62.61342521,60,B,0
2019,CA47,68,47,California,"LOWENTHAL, Alan",NA,-0.449,21313,0,1,0,0,0,0,0,1,585,13,0.791,CA,0.304,0.066,0.232,0.36,34813,62.44855652,62.61342521,60,B,0
2020,CA47,68,47,California,"LOWENTHAL, Alan",NA,-0.449,21313,0,1,0,0,0,0,0,1,944,24,0.823295297,CA,0.312,0.068,0.228,0.353,35059,62.44855652,62.61342521,60,B,0
2013,CA52,73,52,California,"PETERS, Scott",NA,-0.183,21315,0,1,0,0,0,0,0,1,220,19,0.53301711,CA,0.593,0.028,0.203,0.134,49040,63.38669563,58.10792752,52.1,B,0
2014,CA52,73,52,California,"PETERS, Scott",NA,-0.183,21315,0,1,0,0,0,0,0,1,388,32,0.491680894,CA,0.586,0.03,0.19,0.145,47494,63.38669563,58.10792752,52.1,B,0
2015,CA52,73,52,California,"PETERS, Scott",NA,-0.183,21315,0,1,0,0,0,0,0,1,381,27,0.432661963,CA,0.575,0.028,0.19,0.157,47307,63.38669563,58.10792752,52.1,B,0
2016,CA52,73,52,California,"PETERS, Scott",NA,-0.183,21315,0,1,0,0,0,0,0,1,559,31,0.464259541,CA,0.591,0.026,0.201,0.136,50198,63.38669563,58.10792752,52.1,B,0
2017,CA52,73,52,California,"PETERS, Scott",NA,-0.183,21315,0,1,0,0,0,0,0,1,363,11,0.339405835,CA,0.573,0.026,0.201,0.146,52867,63.38669563,58.10792752,52.1,B,0
2018,CA52,73,52,California,"PETERS, Scott",NA,-0.183,21315,0,1,0,0,0,0,0,1,539,22,0.399407323,CA,0.567,0.033,0.199,0.15,52963,63.38669563,58.10792752,52.1,B,0
2019,CA52,73,52,California,"PETERS, Scott",NA,-0.183,21315,0,1,0,0,0,0,0,1,382,28,0.837,CA,0.57,0.029,0.206,0.144,54600,63.38669563,58.10792752,52.1,B,0
2020,CA52,73,52,California,"PETERS, Scott",NA,-0.183,21315,0,1,0,0,0,0,0,1,537,39,0.793960933,CA,0.562,0.029,0.203,0.151,53357,63.38669563,58.10792752,52.1,B,0
2013,CT01,82,1,Connecticut,"LARSON, John B.",NA,-0.397,29908,0,1,0,0,0,0,0,1,163,10,0.561671992,CT,0.638,0.142,0.044,0.154,38495,63.25194817,59.4040283,63.3,B,0
2014,CT01,82,1,Connecticut,"LARSON, John B.",NA,-0.397,29908,0,1,0,0,0,0,0,1,280,19,0.649602269,CT,0.623,0.145,0.048,0.162,38541,63.25194817,59.4040283,63.3,B,0
2015,CT01,82,1,Connecticut,"LARSON, John B.",NA,-0.397,29908,0,1,0,0,0,0,0,1,225,9,0.577479221,CT,0.622,0.149,0.048,0.158,39736,63.25194817,59.4040283,63.3,B,0
2016,CT01,82,1,Connecticut,"LARSON, John B.",NA,-0.397,29908,0,1,0,0,0,0,0,1,353,14,0.743698867,CT,0.609,0.148,0.051,0.168,39419,63.25194817,59.4040283,63.3,B,0
2017,CT01,82,1,Connecticut,"LARSON, John B.",NA,-0.397,29908,0,1,0,0,0,0,0,1,207,6,0.610756541,CT,0.604,0.146,0.053,0.171,39227,63.25194817,59.4040283,63.3,B,0
2018,CT01,82,1,Connecticut,"LARSON, John B.",NA,-0.397,29908,0,1,0,0,0,0,0,1,325,8,0.565745372,CT,0.604,0.143,0.054,0.176,40414,63.25194817,59.4040283,63.3,B,0
2019,CT01,82,1,Connecticut,"LARSON, John B.",NA,-0.397,29908,0,1,0,0,0,0,0,1,233,12,0.852,CT,0.596,0.147,0.056,0.172,41078,63.25194817,59.4040283,63.3,B,0
2020,CT01,82,1,Connecticut,"LARSON, John B.",NA,-0.397,29908,0,1,0,0,0,0,0,1,414,23,0.842343557,CT,0.598,0.142,0.055,0.175,40924,63.25194817,59.4040283,63.3,B,0
2013,CT02,83,2,Connecticut,"COURTNEY, Joe",NA,-0.343,20706,0,1,0,0,0,0,0,1,234,8,0.762118915,CT,0.827,0.034,0.031,0.077,37659,54.46511283,48.65593764,55.9,B,0
2014,CT02,83,2,Connecticut,"COURTNEY, Joe",NA,-0.343,20706,0,1,0,0,0,0,0,1,350,9,0.790336831,CT,0.82,0.04,0.03,0.079,37795,54.46511283,48.65593764,55.9,B,0
2015,CT02,83,2,Connecticut,"COURTNEY, Joe",NA,-0.343,20706,0,1,0,0,0,0,0,1,181,6,0.813466025,CT,0.813,0.038,0.032,0.087,39930,54.46511283,48.65593764,55.9,B,0
2016,CT02,83,2,Connecticut,"COURTNEY, Joe",NA,-0.343,20706,0,1,0,0,0,0,0,1,307,9,0.751913507,CT,0.817,0.037,0.035,0.083,40639,54.46511283,48.65593764,55.9,B,0
2017,CT02,83,2,Connecticut,"COURTNEY, Joe",NA,-0.343,20706,0,1,0,0,0,0,0,1,219,9,0.610589319,CT,0.815,0.035,0.033,0.085,40803,54.46511283,48.65593764,55.9,B,0
2018,CT02,83,2,Connecticut,"COURTNEY, Joe",NA,-0.343,20706,0,1,0,0,0,0,0,1,351,12,0.600036716,CT,0.808,0.037,0.035,0.089,41093,54.46511283,48.65593764,55.9,B,0
2019,CT02,83,2,Connecticut,"COURTNEY, Joe",NA,-0.343,20706,0,1,0,0,0,0,0,1,257,14,0.936,CT,0.807,0.038,0.037,0.09,42349,54.46511283,48.65593764,55.9,B,0
2020,CT02,83,2,Connecticut,"COURTNEY, Joe",NA,-0.343,20706,0,1,0,0,0,0,0,1,393,21,0.870509523,CT,0.805,0.036,0.033,0.089,41570,54.46511283,48.65593764,55.9,B,0
2013,CT04,85,4,Connecticut,"HIMES, James A.",NA,-0.241,20907,0,1,0,0,0,0,0,1,205,3,0.061948645,CT,0.632,0.114,0.048,0.181,58399,64.15651003,59.56587182,55.1,B,0
2014,CT04,85,4,Connecticut,"HIMES, James A.",NA,-0.241,20907,0,1,0,0,0,0,0,1,311,11,0.154564576,CT,0.621,0.116,0.054,0.19,61032,64.15651003,59.56587182,55.1,B,0
2015,CT04,85,4,Connecticut,"HIMES, James A.",NA,-0.241,20907,0,1,0,0,0,0,0,1,167,9,0.334756587,CT,0.612,0.118,0.053,0.194,58848,64.15651003,59.56587182,55.1,B,0
2016,CT04,85,4,Connecticut,"HIMES, James A.",NA,-0.241,20907,0,1,0,0,0,0,0,1,264,14,0.348389686,CT,0.61,0.115,0.052,0.198,60427,64.15651003,59.56587182,55.1,B,0
2017,CT04,85,4,Connecticut,"HIMES, James A.",NA,-0.241,20907,0,1,0,0,0,0,0,1,213,9,0.451543423,CT,0.603,0.108,0.057,0.208,61570,64.15651003,59.56587182,55.1,B,0
2018,CT04,85,4,Connecticut,"HIMES, James A.",NA,-0.241,20907,0,1,0,0,0,0,0,1,320,19,0.382033776,CT,0.605,0.113,0.06,0.198,61858,64.15651003,59.56587182,55.1,B,0
2019,CT04,85,4,Connecticut,"HIMES, James A.",NA,-0.241,20907,0,1,0,0,0,0,0,1,328,8,0.354,CT,0.598,0.114,0.055,0.208,63905,64.15651003,59.56587182,55.1,B,0
2020,CT04,85,4,Connecticut,"HIMES, James A.",NA,-0.241,20907,0,1,0,0,0,0,0,1,442,12,0.258113144,CT,0.602,0.11,0.056,0.203,63226,64.15651003,59.56587182,55.1,B,0
2013,IA02,162,2,Iowa,"LOEBSACK, Dave",NA,-0.276,20720,0,1,0,0,0,0,0,1,320,10,0.464614939,IA,0.869,0.04,0.022,0.053,30180,47.10335675,44.95116578,55.8,B,0
2014,IA02,162,2,Iowa,"LOEBSACK, Dave",NA,-0.276,20720,0,1,0,0,0,0,0,1,493,13,0.456302311,IA,0.864,0.037,0.024,0.052,29988,47.10335675,44.95116578,55.8,B,0
2015,IA02,162,2,Iowa,"LOEBSACK, Dave",NA,-0.276,20720,0,1,0,0,0,0,0,1,303,7,0.119790359,IA,0.859,0.04,0.023,0.055,30141,47.10335675,44.95116578,55.8,B,0
2016,IA02,162,2,Iowa,"LOEBSACK, Dave",NA,-0.276,20720,0,1,0,0,0,0,0,1,436,17,0.408255959,IA,0.859,0.044,0.022,0.054,30113,47.10335675,44.95116578,55.8,B,0
2017,IA02,162,2,Iowa,"LOEBSACK, Dave",NA,-0.276,20720,0,1,0,0,0,0,0,1,271,16,0.370110295,IA,0.853,0.039,0.028,0.055,30946,47.10335675,44.95116578,55.8,B,0
2018,IA02,162,2,Iowa,"LOEBSACK, Dave",NA,-0.276,20720,0,1,0,0,0,0,0,1,356,23,0.303040562,IA,0.847,0.042,0.024,0.059,32124,47.10335675,44.95116578,55.8,B,0
2019,IA02,162,2,Iowa,"LOEBSACK, Dave",NA,-0.276,20720,0,1,0,0,0,0,0,1,195,12,0.598,IA,0.845,0.047,0.025,0.058,33133,47.10335675,44.95116578,55.8,B,0
2020,IA02,162,2,Iowa,"LOEBSACK, Dave",NA,-0.276,20720,0,1,0,0,0,0,0,1,275,13,0.508254611,IA,0.845,0.043,0.026,0.059,31769,47.10335675,44.95116578,55.8,B,0
2013,IL03,136,3,Illinois,"LIPINSKI, Daniel",NA,-0.227,20508,0,1,0,0,0,0,0,1,205,12,0.507276709,IL,0.591,0.052,0.035,0.312,29676,55.49438936,55.22791873,55.9,B,0
2014,IL03,136,3,Illinois,"LIPINSKI, Daniel",NA,-0.227,20508,0,1,0,0,0,0,0,1,306,20,0.556997131,IL,0.59,0.041,0.046,0.311,30179,55.49438936,55.22791873,55.9,B,0
2015,IL03,136,3,Illinois,"LIPINSKI, Daniel",NA,-0.227,20508,0,1,0,0,0,0,0,1,224,16,0.465118447,IL,0.568,0.05,0.04,0.33,31463,55.49438936,55.22791873,55.9,B,0
2016,IL03,136,3,Illinois,"LIPINSKI, Daniel",NA,-0.227,20508,0,1,0,0,0,0,0,1,318,23,0.448142495,IL,0.567,0.052,0.042,0.331,32050,55.49438936,55.22791873,55.9,B,0
2017,IL03,136,3,Illinois,"LIPINSKI, Daniel",NA,-0.227,20508,0,1,0,0,0,0,0,1,283,11,0.526002753,IL,0.57,0.046,0.052,0.322,32513,55.49438936,55.22791873,55.9,B,0
2018,IL03,136,3,Illinois,"LIPINSKI, Daniel",NA,-0.227,20508,0,1,0,0,0,0,0,1,433,25,0.543610719,IL,0.569,0.048,0.044,0.324,34087,55.49438936,55.22791873,55.9,B,0
2019,IL03,136,3,Illinois,"LIPINSKI, Daniel",NA,-0.227,20508,0,1,0,0,0,0,0,1,335,22,0.499,IL,0.566,0.051,0.047,0.323,35752,55.49438936,55.22791873,55.9,B,0
2020,IL03,136,3,Illinois,"LIPINSKI, Daniel",NA,-0.227,20508,0,1,0,0,0,0,0,1,408,40,0.443279585,IL,0.56,0.047,0.045,0.333,34145,55.49438936,55.22791873,55.9,B,0
2013,IL05,138,5,Illinois,"QUIGLEY, Mike",NA,-0.322,20954,0,1,0,0,0,0,0,1,169,8,0.402801271,IL,0.681,0.026,0.075,0.198,46886,72.11411512,70.52503405,66,B,0
2014,IL05,138,5,Illinois,"QUIGLEY, Mike",NA,-0.322,20954,0,1,0,0,0,0,0,1,319,11,0.31360249,IL,0.697,0.025,0.065,0.19,48255,72.11411512,70.52503405,66,B,0
2015,IL05,138,5,Illinois,"QUIGLEY, Mike",NA,-0.322,20954,0,1,0,0,0,0,0,1,277,10,0.363344542,IL,0.68,0.028,0.063,0.203,50888,72.11411512,70.52503405,66,B,0
2016,IL05,138,5,Illinois,"QUIGLEY, Mike",NA,-0.322,20954,0,1,0,0,0,0,0,1,422,19,0.403471763,IL,0.691,0.024,0.068,0.193,52713,72.11411512,70.52503405,66,B,0
2017,IL05,138,5,Illinois,"QUIGLEY, Mike",NA,-0.322,20954,0,1,0,0,0,0,0,1,297,17,0.554888827,IL,0.675,0.028,0.075,0.194,52722,72.11411512,70.52503405,66,B,0
2018,IL05,138,5,Illinois,"QUIGLEY, Mike",NA,-0.322,20954,0,1,0,0,0,0,0,1,469,22,0.571655826,IL,0.671,0.03,0.084,0.187,56302,72.11411512,70.52503405,66,B,0
2019,IL05,138,5,Illinois,"QUIGLEY, Mike",NA,-0.322,20954,0,1,0,0,0,0,0,1,403,22,0.849,IL,0.659,0.028,0.068,0.219,57979,72.11411512,70.52503405,66,B,0
2020,IL05,138,5,Illinois,"QUIGLEY, Mike",NA,-0.322,20954,0,1,0,0,0,0,0,1,549,33,0.807173494,IL,0.669,0.028,0.074,0.198,56143,72.11411512,70.52503405,66,B,0
2013,MD02,184,2,Maryland,"RUPPERSBERGER, C. A. (Dutch)",NA,-0.295,20329,0,1,0,0,0,0,0,1,101,3,0.137446259,MD,0.525,0.326,0.054,0.064,33411,65.80544406,60.06048176,63.1,B,0
2014,MD02,184,2,Maryland,"RUPPERSBERGER, C. A. (Dutch)",NA,-0.295,20329,0,1,0,0,0,0,0,1,174,5,0.119222655,MD,0.519,0.331,0.053,0.066,32652,65.80544406,60.06048176,63.1,B,0
2015,MD02,184,2,Maryland,"RUPPERSBERGER, C. A. (Dutch)",NA,-0.295,20329,0,1,0,0,0,0,0,1,111,4,0.084514467,MD,0.507,0.339,0.052,0.07,33656,65.80544406,60.06048176,63.1,B,0
2016,MD02,184,2,Maryland,"RUPPERSBERGER, C. A. (Dutch)",NA,-0.295,20329,0,1,0,0,0,0,0,1,195,5,0.068392414,MD,0.503,0.336,0.054,0.071,34727,65.80544406,60.06048176,63.1,B,0
2017,MD02,184,2,Maryland,"RUPPERSBERGER, C. A. (Dutch)",NA,-0.295,20329,0,1,0,0,0,0,0,1,190,5,0.102977103,MD,0.481,0.343,0.058,0.08,34517,65.80544406,60.06048176,63.1,B,0
2018,MD02,184,2,Maryland,"RUPPERSBERGER, C. A. (Dutch)",NA,-0.295,20329,0,1,0,0,0,0,0,1,333,6,0.11571316,MD,0.49,0.352,0.054,0.067,35739,65.80544406,60.06048176,63.1,B,0
2019,MD02,184,2,Maryland,"RUPPERSBERGER, C. A. (Dutch)",NA,-0.295,20329,0,1,0,0,0,0,0,1,285,6,0.257,MD,0.472,0.362,0.053,0.077,36756,65.80544406,60.06048176,63.1,B,0
2020,MD02,184,2,Maryland,"RUPPERSBERGER, C. A. (Dutch)",NA,-0.295,20329,0,1,0,0,0,0,0,1,434,8,0.210868068,MD,0.481,0.353,0.054,0.072,36151,65.80544406,60.06048176,63.1,B,0
2013,MD03,185,3,Maryland,"SARBANES, John",NA,-0.467,20724,0,1,0,0,0,0,0,1,115,6,0.486380417,MD,0.611,0.213,0.063,0.078,44867,68.73845221,62.76520777,60.7,B,0
2014,MD03,185,3,Maryland,"SARBANES, John",NA,-0.467,20724,0,1,0,0,0,0,0,1,170,8,0.544723715,MD,0.582,0.229,0.075,0.085,44123,68.73845221,62.76520777,60.7,B,0
2015,MD03,185,3,Maryland,"SARBANES, John",NA,-0.467,20724,0,1,0,0,0,0,0,1,128,6,0.559934441,MD,0.598,0.194,0.079,0.093,45058,68.73845221,62.76520777,60.7,B,0
2016,MD03,185,3,Maryland,"SARBANES, John",NA,-0.467,20724,0,1,0,0,0,0,0,1,186,7,0.471129392,MD,0.583,0.218,0.078,0.088,47166,68.73845221,62.76520777,60.7,B,0
2017,MD03,185,3,Maryland,"SARBANES, John",NA,-0.467,20724,0,1,0,0,0,0,0,1,160,5,0.520492802,MD,0.557,0.231,0.088,0.086,47199,68.73845221,62.76520777,60.7,B,0
2018,MD03,185,3,Maryland,"SARBANES, John",NA,-0.467,20724,0,1,0,0,0,0,0,1,249,8,0.536170337,MD,0.573,0.224,0.076,0.09,47904,68.73845221,62.76520777,60.7,B,0
2019,MD03,185,3,Maryland,"SARBANES, John",NA,-0.467,20724,0,1,0,0,0,0,0,1,238,7,0.773,MD,0.561,0.229,0.074,0.094,48226,68.73845221,62.76520777,60.7,B,0
2020,MD03,185,3,Maryland,"SARBANES, John",NA,-0.467,20724,0,1,0,0,0,0,0,1,358,10,0.680988434,MD,0.568,0.223,0.076,0.092,48138,68.73845221,62.76520777,60.7,B,0
2013,MD05,187,5,Maryland,"HOYER, Steny Hamilton",NA,-0.38,14873,0,1,0,0,0,0,0,1,35,4,0.486549033,MD,0.478,0.377,0.041,0.074,40092,68.59141567,64.10838877,66.1,B,0
2014,MD05,187,5,Maryland,"HOYER, Steny Hamilton",NA,-0.38,14873,0,1,0,0,0,0,0,1,59,7,0.446946654,MD,0.468,0.37,0.042,0.08,39781,68.59141567,64.10838877,66.1,B,0
2015,MD05,187,5,Maryland,"HOYER, Steny Hamilton",NA,-0.38,14873,0,1,0,0,0,0,0,1,57,2,0.048845167,MD,0.46,0.371,0.042,0.087,41617,68.59141567,64.10838877,66.1,B,0
2016,MD05,187,5,Maryland,"HOYER, Steny Hamilton",NA,-0.38,14873,0,1,0,0,0,0,0,1,90,4,0.105254412,MD,0.455,0.382,0.043,0.079,41977,68.59141567,64.10838877,66.1,B,0
2017,MD05,187,5,Maryland,"HOYER, Steny Hamilton",NA,-0.38,14873,0,1,0,0,0,0,0,1,60,4,0.369065258,MD,0.445,0.379,0.04,0.097,43068,68.59141567,64.10838877,66.1,B,0
2018,MD05,187,5,Maryland,"HOYER, Steny Hamilton",NA,-0.38,14873,0,1,0,0,0,0,0,1,100,9,0.367356348,MD,0.435,0.383,0.042,0.1,42820,68.59141567,64.10838877,66.1,B,0
2019,MD05,187,5,Maryland,"HOYER, Steny Hamilton",NA,-0.38,14873,0,1,0,0,0,0,0,1,45,12,0.29,MD,0.428,0.386,0.041,0.104,43079,68.59141567,64.10838877,66.1,B,0
2020,MD05,187,5,Maryland,"HOYER, Steny Hamilton",NA,-0.38,14873,0,1,0,0,0,0,0,1,63,23,0.309877186,MD,0.436,0.381,0.041,0.097,43207,68.59141567,64.10838877,66.1,B,0
2013,MI05,204,5,Michigan,"KILDEE, Dan",NA,-0.39,21372,0,1,0,0,0,0,0,1,124,4,0.113009481,MI,0.743,0.173,0.008,0.048,24544,51.44064917,49.74830038,60.7,B,0
2014,MI05,204,5,Michigan,"KILDEE, Dan",NA,-0.39,21372,0,1,0,0,0,0,0,1,180,12,0.454843129,MI,0.74,0.171,0.01,0.048,25324,51.44064917,49.74830038,60.7,B,0
2015,MI05,204,5,Michigan,"KILDEE, Dan",NA,-0.39,21372,0,1,0,0,0,0,0,1,170,8,0.677222681,MI,0.742,0.167,0.011,0.047,25400,51.44064917,49.74830038,60.7,B,0
2016,MI05,204,5,Michigan,"KILDEE, Dan",NA,-0.39,21372,0,1,0,0,0,0,0,1,281,20,0.693342743,MI,0.737,0.171,0.009,0.05,25890,51.44064917,49.74830038,60.7,B,0
2017,MI05,204,5,Michigan,"KILDEE, Dan",NA,-0.39,21372,0,1,0,0,0,0,0,1,208,15,0.150651705,MI,0.739,0.169,0.009,0.049,26762,51.44064917,49.74830038,60.7,B,0
2018,MI05,204,5,Michigan,"KILDEE, Dan",NA,-0.39,21372,0,1,0,0,0,0,0,1,338,22,0.310457625,MI,0.737,0.173,0.008,0.05,28150,51.44064917,49.74830038,60.7,B,0
2019,MI05,204,5,Michigan,"KILDEE, Dan",NA,-0.39,21372,0,1,0,0,0,0,0,1,301,18,0.796,MI,0.734,0.171,0.01,0.051,28061,51.44064917,49.74830038,60.7,B,0
2020,MI05,204,5,Michigan,"KILDEE, Dan",NA,-0.39,21372,0,1,0,0,0,0,0,1,512,28,0.749632733,MI,0.733,0.169,0.009,0.052,27652,51.44064917,49.74830038,60.7,B,0
2013,MI09,208,9,Michigan,"LEVIN, Sander Martin",NA,-0.379,15033,0,1,0,0,0,0,0,1,146,4,0.640716611,MI,0.791,0.116,0.042,0.021,32322,55.90254156,51.46436693,57.2,B,0
2014,MI09,208,9,Michigan,"LEVIN, Sander Martin",NA,-0.379,15033,0,1,0,0,0,0,0,1,253,5,0.590182469,MI,0.782,0.131,0.039,0.021,32525,55.90254156,51.46436693,57.2,B,0
2015,MI09,208,9,Michigan,"LEVIN, Sander Martin",NA,-0.379,15033,0,1,0,0,0,0,0,1,186,7,0.457643051,MI,0.774,0.133,0.041,0.022,33598,55.90254156,51.46436693,57.2,B,0
2016,MI09,208,9,Michigan,"LEVIN, Sander Martin",NA,-0.379,15033,0,1,0,0,0,0,0,1,315,11,0.428238591,MI,0.754,0.14,0.047,0.027,35847,55.90254156,51.46436693,57.2,B,0
2017,MI09,208,9,Michigan,"LEVIN, Sander Martin",NA,-0.379,15033,0,1,0,0,0,0,0,1,164,10,0.348969234,MI,0.759,0.142,0.047,0.025,36493,55.90254156,51.46436693,57.2,B,0
2018,MI09,208,9,Michigan,"LEVIN, Sander Martin",NA,-0.379,15033,0,1,0,0,0,0,0,1,213,16,0.393573938,MI,0.76,0.144,0.043,0.025,36072,55.90254156,51.46436693,57.2,B,0
2019,MI09,208,9,Michigan,"LEVIN, Sander Martin",NA,-0.379,15033,0,1,0,0,0,0,0,1,331,13,0.672,MI,0.747,0.138,0.054,0.026,36105,55.90254156,51.46436693,57.2,B,0
2020,MI09,208,9,Michigan,"LEVIN, Sander Martin",NA,-0.379,15033,0,1,0,0,0,0,0,1,507,30,0.721431786,MI,0.746,0.141,0.048,0.027,36469,55.90254156,51.46436693,57.2,B,0
2013,MN07,220,7,Minnesota,"PETERSON, Collin Clark",NA,-0.148,29127,0,1,0,0,0,0,0,1,171,2,0.196547415,MN,0.901,0.009,0.006,0.041,29208,34.36757288,31.02802629,44.1,B,0
2014,MN07,220,7,Minnesota,"PETERSON, Collin Clark",NA,-0.148,29127,0,1,0,0,0,0,0,1,318,4,0.391357205,MN,0.898,0.013,0.007,0.043,29548,34.36757288,31.02802629,44.1,B,0
2015,MN07,220,7,Minnesota,"PETERSON, Collin Clark",NA,-0.148,29127,0,1,0,0,0,0,0,1,232,2,0.020396181,MN,0.893,0.013,0.009,0.042,30921,34.36757288,31.02802629,44.1,B,0
2016,MN07,220,7,Minnesota,"PETERSON, Collin Clark",NA,-0.148,29127,0,1,0,0,0,0,0,1,343,3,0.042261471,MN,0.888,0.011,0.009,0.045,30103,34.36757288,31.02802629,44.1,B,0
2017,MN07,220,7,Minnesota,"PETERSON, Collin Clark",NA,-0.148,29127,0,1,0,0,0,0,0,1,219,2,0.320295415,MN,0.884,0.017,0.008,0.043,30678,34.36757288,31.02802629,44.1,B,0
2018,MN07,220,7,Minnesota,"PETERSON, Collin Clark",NA,-0.148,29127,0,1,0,0,0,0,0,1,342,9,0.457412362,MN,0.878,0.016,0.009,0.051,31111,34.36757288,31.02802629,44.1,B,0
2019,MN07,220,7,Minnesota,"PETERSON, Collin Clark",NA,-0.148,29127,0,1,0,0,0,0,0,1,188,15,0.756,MN,0.873,0.015,0.01,0.052,32212,34.36757288,31.02802629,44.1,B,0
2020,MN07,220,7,Minnesota,"PETERSON, Collin Clark",NA,-0.148,29127,0,1,0,0,0,0,0,1,275,28,0.735308986,MN,0.875,0.014,0.01,0.05,31404,34.36757288,31.02802629,44.1,B,0
2013,NC04,289,4,North Carolina,"PRICE, David Eugene",NA,-0.343,15438,0,1,0,0,0,0,0,1,195,3,0.213801084,NC,0.485,0.309,0.055,0.117,31489,66.55367752,65.17602351,63.2,B,0
2014,NC04,289,4,North Carolina,"PRICE, David Eugene",NA,-0.343,15438,0,1,0,0,0,0,0,1,306,11,0.203557442,NC,0.494,0.292,0.058,0.12,31543,66.55367752,65.17602351,63.2,B,0
2015,NC04,289,4,North Carolina,"PRICE, David Eugene",NA,-0.343,15438,0,1,0,0,0,0,0,1,185,7,0.18766092,NC,0.476,0.309,0.061,0.121,32164,66.55367752,65.17602351,63.2,B,0
2016,NC04,289,4,North Carolina,"PRICE, David Eugene",NA,-0.343,15438,0,1,0,0,0,0,0,1,261,13,0.209944123,NC,0.563,0.215,0.088,0.102,40851,66.55367752,65.17602351,63.2,B,0
2017,NC04,289,4,North Carolina,"PRICE, David Eugene",NA,-0.343,15438,0,1,0,0,0,0,0,1,173,11,0.461485899,NC,0.554,0.219,0.092,0.108,39962,66.55367752,65.17602351,63.2,B,0
2018,NC04,289,4,North Carolina,"PRICE, David Eugene",NA,-0.343,15438,0,1,0,0,0,0,0,1,297,17,0.45961951,NC,0.555,0.218,0.089,0.103,42259,66.55367752,65.17602351,63.2,B,0
2019,NC04,289,4,North Carolina,"PRICE, David Eugene",NA,-0.343,15438,0,1,0,0,0,0,0,1,268,11,0.31,NC,0.546,0.22,0.093,0.114,41537,66.55367752,65.17602351,63.2,B,0
2020,NC04,289,4,North Carolina,"PRICE, David Eugene",NA,-0.343,15438,0,1,0,0,0,0,0,1,415,15,0.390355987,NC,0.553,0.217,0.093,0.103,42147,66.55367752,65.17602351,63.2,B,0
2013,NJ09,252,9,New Jersey,"PASCRELL, William J., Jr.",NA,-0.367,29741,0,1,0,0,0,0,0,1,170,13,0.677126495,NJ,0.406,0.097,0.137,0.347,34015,62.19051498,64.30414327,68.4,B,0
2014,NJ09,252,9,New Jersey,"PASCRELL, William J., Jr.",NA,-0.367,29741,0,1,0,0,0,0,0,1,288,21,0.662787379,NJ,0.404,0.093,0.124,0.361,33195,62.19051498,64.30414327,68.4,B,0
2015,NJ09,252,9,New Jersey,"PASCRELL, William J., Jr.",NA,-0.367,29741,0,1,0,0,0,0,0,1,252,15,0.323934877,NJ,0.383,0.094,0.141,0.365,33278,62.19051498,64.30414327,68.4,B,0
2016,NJ09,252,9,New Jersey,"PASCRELL, William J., Jr.",NA,-0.367,29741,0,1,0,0,0,0,0,1,401,26,0.752576001,NJ,0.388,0.09,0.124,0.376,35863,62.19051498,64.30414327,68.4,B,0
2017,NJ09,252,9,New Jersey,"PASCRELL, William J., Jr.",NA,-0.367,29741,0,1,0,0,0,0,0,1,273,13,0.549836573,NJ,0.381,0.092,0.131,0.379,35504,62.19051498,64.30414327,68.4,B,0
2018,NJ09,252,9,New Jersey,"PASCRELL, William J., Jr.",NA,-0.367,29741,0,1,0,0,0,0,0,1,392,17,0.508942486,NJ,0.373,0.088,0.133,0.387,37633,62.19051498,64.30414327,68.4,B,0
2019,NJ09,252,9,New Jersey,"PASCRELL, William J., Jr.",NA,-0.367,29741,0,1,0,0,0,0,0,1,283,19,0.84,NJ,0.362,0.082,0.135,0.401,40007,62.19051498,64.30414327,68.4,B,0
2020,NJ09,252,9,New Jersey,"PASCRELL, William J., Jr.",NA,-0.367,29741,0,1,0,0,0,0,0,1,415,35,0.762000525,NJ,0.369,0.09,0.134,0.387,37546,62.19051498,64.30414327,68.4,B,0
2013,NY10,268,10,New York,"NADLER, Jerrold Lewis",NA,-0.508,29377,0,1,0,0,0,0,0,1,238,16,0.684477999,NY,0.638,0.041,0.179,0.121,66889,76.13279028,78.30422417,73.6,B,0
2014,NY10,268,10,New York,"NADLER, Jerrold Lewis",NA,-0.508,29377,0,1,0,0,0,0,0,1,367,22,0.73680385,NY,0.633,0.031,0.184,0.125,68362,76.13279028,78.30422417,73.6,B,0
2015,NY10,268,10,New York,"NADLER, Jerrold Lewis",NA,-0.508,29377,0,1,0,0,0,0,0,1,252,11,0.608419531,NY,0.612,0.043,0.195,0.122,71265,76.13279028,78.30422417,73.6,B,0
2016,NY10,268,10,New York,"NADLER, Jerrold Lewis",NA,-0.508,29377,0,1,0,0,0,0,0,1,396,15,0.585442932,NY,0.632,0.031,0.193,0.124,74992,76.13279028,78.30422417,73.6,B,0
2017,NY10,268,10,New York,"NADLER, Jerrold Lewis",NA,-0.508,29377,0,1,0,0,0,0,0,1,332,13,0.673591135,NY,0.618,0.04,0.187,0.128,73661,76.13279028,78.30422417,73.6,B,0
2018,NY10,268,10,New York,"NADLER, Jerrold Lewis",NA,-0.508,29377,0,1,0,0,0,0,0,1,504,24,0.715321346,NY,0.626,0.028,0.188,0.129,76210,76.13279028,78.30422417,73.6,B,0
2019,NY10,268,10,New York,"NADLER, Jerrold Lewis",NA,-0.508,29377,0,1,0,0,0,0,0,1,366,23,0.876,NY,0.616,0.03,0.186,0.134,84428,76.13279028,78.30422417,73.6,B,0
2020,NY10,268,10,New York,"NADLER, Jerrold Lewis",NA,-0.508,29377,0,1,0,0,0,0,0,1,595,37,0.840069754,NY,0.62,0.032,0.189,0.126,77566,76.13279028,78.30422417,73.6,B,0
2013,NY16,274,16,New York,"ENGEL, Eliot Lance",NA,-0.408,15603,0,1,0,0,0,0,0,1,153,25,0.695532724,NY,0.394,0.303,0.043,0.234,43035,75.29255749,75.10896671,73.7,B,0
2014,NY16,274,16,New York,"ENGEL, Eliot Lance",NA,-0.408,15603,0,1,0,0,0,0,0,1,279,31,0.703601564,NY,0.39,0.29,0.055,0.241,41991,75.29255749,75.10896671,73.7,B,0
2015,NY16,274,16,New York,"ENGEL, Eliot Lance",NA,-0.408,15603,0,1,0,0,0,0,0,1,257,26,0.695983617,NY,0.373,0.304,0.05,0.249,44132,75.29255749,75.10896671,73.7,B,0
2016,NY16,274,16,New York,"ENGEL, Eliot Lance",NA,-0.408,15603,0,1,0,0,0,0,0,1,398,36,0.819323986,NY,0.36,0.319,0.06,0.239,44811,75.29255749,75.10896671,73.7,B,0
2017,NY16,274,16,New York,"ENGEL, Eliot Lance",NA,-0.408,15603,0,1,0,0,0,0,0,1,309,27,0.864214507,NY,0.358,0.312,0.052,0.252,46639,75.29255749,75.10896671,73.7,B,0
2018,NY16,274,16,New York,"ENGEL, Eliot Lance",NA,-0.408,15603,0,1,0,0,0,0,0,1,500,46,0.85753863,NY,0.354,0.301,0.049,0.269,48130,75.29255749,75.10896671,73.7,B,0
2019,NY16,274,16,New York,"ENGEL, Eliot Lance",NA,-0.408,15603,0,1,0,0,0,0,0,1,379,55,0.979,NY,0.348,0.283,0.05,0.281,48562,75.29255749,75.10896671,73.7,B,0
2020,NY16,274,16,New York,"ENGEL, Eliot Lance",NA,-0.408,15603,0,1,0,0,0,0,0,1,554,74,1,NY,0.344,0.303,0.054,0.267,46866,75.29255749,75.10896671,73.7,B,0
2013,NY18,276,18,New York,"MALONEY, Sean Patrick",NA,-0.238,21344,0,1,0,0,0,0,0,1,158,7,0.458898989,NY,0.699,0.087,0.03,0.161,39458,51.77754163,47.08510213,51.4,B,0
2014,NY18,276,18,New York,"MALONEY, Sean Patrick",NA,-0.238,21344,0,1,0,0,0,0,0,1,274,16,0.544877159,NY,0.692,0.09,0.03,0.165,39306,51.77754163,47.08510213,51.4,B,0
2015,NY18,276,18,New York,"MALONEY, Sean Patrick",NA,-0.238,21344,0,1,0,0,0,0,0,1,206,16,0.463591413,NY,0.686,0.094,0.03,0.164,41001,51.77754163,47.08510213,51.4,B,0
2016,NY18,276,18,New York,"MALONEY, Sean Patrick",NA,-0.238,21344,0,1,0,0,0,0,0,1,353,29,0.408490506,NY,0.687,0.086,0.032,0.163,41318,51.77754163,47.08510213,51.4,B,0
2017,NY18,276,18,New York,"MALONEY, Sean Patrick",NA,-0.238,21344,0,1,0,0,0,0,0,1,281,24,0.52217935,NY,0.679,0.085,0.032,0.172,43473,51.77754163,47.08510213,51.4,B,0
2018,NY18,276,18,New York,"MALONEY, Sean Patrick",NA,-0.238,21344,0,1,0,0,0,0,0,1,476,35,0.561966368,NY,0.676,0.091,0.029,0.178,41717,51.77754163,47.08510213,51.4,B,0
2019,NY18,276,18,New York,"MALONEY, Sean Patrick",NA,-0.238,21344,0,1,0,0,0,0,0,1,396,21,0.841,NY,0.666,0.099,0.031,0.183,43273,51.77754163,47.08510213,51.4,B,0
2020,NY18,276,18,New York,"MALONEY, Sean Patrick",NA,-0.238,21344,0,1,0,0,0,0,0,1,563,29,0.755281249,NY,0.67,0.09,0.031,0.178,42995,51.77754163,47.08510213,51.4,B,0
2013,NY20,278,20,New York,"TONKO, Paul",NA,-0.421,20934,0,1,0,0,0,0,0,1,261,10,0.374736523,NY,0.781,0.084,0.043,0.059,34867,59.32059981,53.95086148,59.2,B,0
2014,NY20,278,20,New York,"TONKO, Paul",NA,-0.421,20934,0,1,0,0,0,0,0,1,409,13,0.417061799,NY,0.777,0.084,0.047,0.061,35323,59.32059981,53.95086148,59.2,B,0
2015,NY20,278,20,New York,"TONKO, Paul",NA,-0.421,20934,0,1,0,0,0,0,0,1,308,6,0.319310537,NY,0.763,0.084,0.052,0.063,36256,59.32059981,53.95086148,59.2,B,0
2016,NY20,278,20,New York,"TONKO, Paul",NA,-0.421,20934,0,1,0,0,0,0,0,1,469,13,0.410942758,NY,0.759,0.085,0.05,0.063,37490,59.32059981,53.95086148,59.2,B,0
2017,NY20,278,20,New York,"TONKO, Paul",NA,-0.421,20934,0,1,0,0,0,0,0,1,306,9,0.529937418,NY,0.757,0.091,0.053,0.065,38065,59.32059981,53.95086148,59.2,B,0
2018,NY20,278,20,New York,"TONKO, Paul",NA,-0.421,20934,0,1,0,0,0,0,0,1,468,14,0.517900323,NY,0.751,0.086,0.052,0.069,37257,59.32059981,53.95086148,59.2,B,0
2019,NY20,278,20,New York,"TONKO, Paul",NA,-0.421,20934,0,1,0,0,0,0,0,1,424,21,0.941,NY,0.749,0.087,0.053,0.067,38883,59.32059981,53.95086148,59.2,B,0
2020,NY20,278,20,New York,"TONKO, Paul",NA,-0.421,20934,0,1,0,0,0,0,0,1,604,29,0.906612244,NY,0.75,0.087,0.051,0.068,38534,59.32059981,53.95086148,59.2,B,0
2013,NY26,284,26,New York,"HIGGINS, Brian",NA,-0.348,20519,0,1,0,0,0,0,0,1,192,9,0.474560343,NY,0.703,0.181,0.033,0.06,28436,62.62587396,57.59295756,63.9,B,0
2014,NY26,284,26,New York,"HIGGINS, Brian",NA,-0.348,20519,0,1,0,0,0,0,0,1,326,11,0.491939043,NY,0.699,0.176,0.041,0.058,29094,62.62587396,57.59295756,63.9,B,0
2015,NY26,284,26,New York,"HIGGINS, Brian",NA,-0.348,20519,0,1,0,0,0,0,0,1,244,15,0.324994749,NY,0.684,0.181,0.04,0.065,29095,62.62587396,57.59295756,63.9,B,0
2016,NY26,284,26,New York,"HIGGINS, Brian",NA,-0.348,20519,0,1,0,0,0,0,0,1,354,16,0.302580567,NY,0.692,0.173,0.045,0.062,30355,62.62587396,57.59295756,63.9,B,0
2017,NY26,284,26,New York,"HIGGINS, Brian",NA,-0.348,20519,0,1,0,0,0,0,0,1,251,8,0.261554379,NY,0.684,0.176,0.045,0.065,30591,62.62587396,57.59295756,63.9,B,0
2018,NY26,284,26,New York,"HIGGINS, Brian",NA,-0.348,20519,0,1,0,0,0,0,0,1,392,9,0.224365165,NY,0.675,0.178,0.045,0.07,31114,62.62587396,57.59295756,63.9,B,0
2019,NY26,284,26,New York,"HIGGINS, Brian",NA,-0.348,20519,0,1,0,0,0,0,0,1,362,10,0.633,NY,0.677,0.176,0.046,0.07,31639,62.62587396,57.59295756,63.9,B,0
2020,NY26,284,26,New York,"HIGGINS, Brian",NA,-0.348,20519,0,1,0,0,0,0,0,1,488,17,0.631970539,NY,0.679,0.171,0.046,0.069,31767,62.62587396,57.59295756,63.9,B,0
2013,RI01,344,1,Rhode Island,"CICILLINE, David N.",NA,-0.388,21172,0,1,0,0,0,0,0,1,368,9,0.565700754,RI,0.691,0.071,0.031,0.163,32811,63.93002182,60.46845213,66.2,B,0
2014,RI01,344,1,Rhode Island,"CICILLINE, David N.",NA,-0.388,21172,0,1,0,0,0,0,0,1,560,20,0.654691735,RI,0.69,0.068,0.029,0.173,33380,63.93002182,60.46845213,66.2,B,0
2015,RI01,344,1,Rhode Island,"CICILLINE, David N.",NA,-0.388,21172,0,1,0,0,0,0,0,1,316,24,0.724154203,RI,0.685,0.074,0.036,0.163,34287,63.93002182,60.46845213,66.2,B,0
2016,RI01,344,1,Rhode Island,"CICILLINE, David N.",NA,-0.388,21172,0,1,0,0,0,0,0,1,562,35,0.748412372,RI,0.676,0.079,0.038,0.166,34843,63.93002182,60.46845213,66.2,B,0
2017,RI01,344,1,Rhode Island,"CICILLINE, David N.",NA,-0.388,21172,0,1,0,0,0,0,0,1,426,36,0.765287002,RI,0.668,0.069,0.036,0.182,35607,63.93002182,60.46845213,66.2,B,0
2018,RI01,344,1,Rhode Island,"CICILLINE, David N.",NA,-0.388,21172,0,1,0,0,0,0,0,1,675,55,0.778627631,RI,0.667,0.072,0.03,0.189,35186,63.93002182,60.46845213,66.2,B,0
2019,RI01,344,1,Rhode Island,"CICILLINE, David N.",NA,-0.388,21172,0,1,0,0,0,0,0,1,503,46,0.969,RI,0.661,0.071,0.031,0.191,37267,63.93002182,60.46845213,66.2,B,0
2020,RI01,344,1,Rhode Island,"CICILLINE, David N.",NA,-0.388,21172,0,1,0,0,0,0,0,1,793,66,0.912755375,RI,0.66,0.074,0.035,0.186,36799,63.93002182,60.46845213,66.2,B,0
2013,RI02,345,2,Rhode Island,"LANGEVIN, James",NA,-0.375,20136,0,1,0,0,0,0,0,1,221,13,0.419626572,RI,0.802,0.035,0.031,0.109,35646,55.97486807,51.06815486,59.8,B,0
2014,RI02,345,2,Rhode Island,"LANGEVIN, James",NA,-0.375,20136,0,1,0,0,0,0,0,1,350,19,0.364735309,RI,0.792,0.042,0.038,0.107,34110,55.97486807,51.06815486,59.8,B,0
2015,RI02,345,2,Rhode Island,"LANGEVIN, James",NA,-0.375,20136,0,1,0,0,0,0,0,1,254,17,0.538634958,RI,0.784,0.034,0.031,0.125,35403,55.97486807,51.06815486,59.8,B,0
2016,RI02,345,2,Rhode Island,"LANGEVIN, James",NA,-0.375,20136,0,1,0,0,0,0,0,1,429,24,0.487115822,RI,0.781,0.031,0.031,0.132,36393,55.97486807,51.06815486,59.8,B,0
2017,RI02,345,2,Rhode Island,"LANGEVIN, James",NA,-0.375,20136,0,1,0,0,0,0,0,1,322,20,0.538369634,RI,0.776,0.039,0.036,0.125,37306,55.97486807,51.06815486,59.8,B,0
2018,RI02,345,2,Rhode Island,"LANGEVIN, James",NA,-0.375,20136,0,1,0,0,0,0,0,1,441,41,0.589822071,RI,0.762,0.044,0.037,0.129,36982,55.97486807,51.06815486,59.8,B,0
2019,RI02,345,2,Rhode Island,"LANGEVIN, James",NA,-0.375,20136,0,1,0,0,0,0,0,1,315,21,0.598,RI,0.755,0.044,0.037,0.135,38720,55.97486807,51.06815486,59.8,B,0
2020,RI02,345,2,Rhode Island,"LANGEVIN, James",NA,-0.375,20136,0,1,0,0,0,0,0,1,448,35,0.598453043,RI,0.769,0.037,0.033,0.131,38220,55.97486807,51.06815486,59.8,B,0
2013,TN09,362,9,Tennessee,"COHEN, Stephen",NA,-0.398,20748,0,1,0,0,0,0,0,1,373,19,0.489508984,TN,0.253,0.649,0.016,0.067,22758,78.54384057,77.5303234,78.4,B,0
2014,TN09,362,9,Tennessee,"COHEN, Stephen",NA,-0.398,20748,0,1,0,0,0,0,0,1,607,35,0.483410101,TN,0.24,0.656,0.018,0.066,21787,78.54384057,77.5303234,78.4,B,0
2015,TN09,362,9,Tennessee,"COHEN, Stephen",NA,-0.398,20748,0,1,0,0,0,0,0,1,507,19,0.58054018,TN,0.243,0.648,0.019,0.072,23488,78.54384057,77.5303234,78.4,B,0
2016,TN09,362,9,Tennessee,"COHEN, Stephen",NA,-0.398,20748,0,1,0,0,0,0,0,1,756,30,0.607281286,TN,0.23,0.66,0.017,0.074,23965,78.54384057,77.5303234,78.4,B,0
2017,TN09,362,9,Tennessee,"COHEN, Stephen",NA,-0.398,20748,0,1,0,0,0,0,0,1,601,26,0.727690312,TN,0.229,0.663,0.016,0.073,23694,78.54384057,77.5303234,78.4,B,0
2018,TN09,362,9,Tennessee,"COHEN, Stephen",NA,-0.398,20748,0,1,0,0,0,0,0,1,980,35,0.71285469,TN,0.227,0.669,0.017,0.07,23640,78.54384057,77.5303234,78.4,B,0
2019,TN09,362,9,Tennessee,"COHEN, Stephen",NA,-0.398,20748,0,1,0,0,0,0,0,1,830,34,0.744,TN,0.23,0.649,0.024,0.081,25309,78.54384057,77.5303234,78.4,B,0
2020,TN09,362,9,Tennessee,"COHEN, Stephen",NA,-0.398,20748,0,1,0,0,0,0,0,1,1235,55,0.767817862,TN,0.223,0.665,0.018,0.074,24664,78.54384057,77.5303234,78.4,B,0
2013,VA11,414,11,Virginia,"CONNOLLY, Gerald E. (Gerry)",NA,-0.306,20952,0,1,0,0,0,0,0,1,325,20,0.530356952,VA,0.474,0.126,0.179,0.185,48908,70.32489871,66.93161259,62.5,B,0
2014,VA11,414,11,Virginia,"CONNOLLY, Gerald E. (Gerry)",NA,-0.306,20952,0,1,0,0,0,0,0,1,533,25,0.510423878,VA,0.47,0.124,0.174,0.19,47927,70.32489871,66.93161259,62.5,B,0
2015,VA11,414,11,Virginia,"CONNOLLY, Gerald E. (Gerry)",NA,-0.306,20952,0,1,0,0,0,0,0,1,315,14,0.649443606,VA,0.459,0.129,0.181,0.18,49234,70.32489871,66.93161259,62.5,B,0
2016,VA11,414,11,Virginia,"CONNOLLY, Gerald E. (Gerry)",NA,-0.306,20952,0,1,0,0,0,0,0,1,465,17,0.623900016,VA,0.457,0.131,0.186,0.183,48581,70.32489871,66.93161259,62.5,B,0
2017,VA11,414,11,Virginia,"CONNOLLY, Gerald E. (Gerry)",NA,-0.306,20952,0,1,0,0,0,0,0,1,313,16,0.686578932,VA,0.472,0.126,0.183,0.174,49993,70.32489871,66.93161259,62.5,B,0
2018,VA11,414,11,Virginia,"CONNOLLY, Gerald E. (Gerry)",NA,-0.306,20952,0,1,0,0,0,0,0,1,495,27,0.725637225,VA,0.447,0.125,0.174,0.196,49768,70.32489871,66.93161259,62.5,B,0
2019,VA11,414,11,Virginia,"CONNOLLY, Gerald E. (Gerry)",NA,-0.306,20952,0,1,0,0,0,0,0,1,371,27,0.865,VA,0.446,0.134,0.186,0.191,52727,70.32489871,66.93161259,62.5,B,0
2020,VA11,414,11,Virginia,"CONNOLLY, Gerald E. (Gerry)",NA,-0.306,20952,0,1,0,0,0,0,0,1,625,42,0.8235081,VA,0.448,0.128,0.19,0.186,51154,70.32489871,66.93161259,62.5,B,0
2013,VT01,403,1,Vermont,"WELCH, Peter",NA,-0.407,20750,0,1,0,0,0,0,0,1,256,22,0.451865955,VT,0.94,0.011,0.012,0.015,32428,66.43756532,56.67778599,67,B,0
2014,VT01,403,1,Vermont,"WELCH, Peter",NA,-0.407,20750,0,1,0,0,0,0,0,1,419,28,0.364392649,VT,0.932,0.009,0.016,0.017,31934,66.43756532,56.67778599,67,B,0
2015,VT01,403,1,Vermont,"WELCH, Peter",NA,-0.407,20750,0,1,0,0,0,0,0,1,340,14,0.301070291,VT,0.934,0.012,0.014,0.017,34106,66.43756532,56.67778599,67,B,0
2016,VT01,403,1,Vermont,"WELCH, Peter",NA,-0.407,20750,0,1,0,0,0,0,0,1,478,21,0.261993175,VT,0.93,0.012,0.015,0.02,34340,66.43756532,56.67778599,67,B,0
2017,VT01,403,1,Vermont,"WELCH, Peter",NA,-0.407,20750,0,1,0,0,0,0,0,1,362,20,0.474243481,VT,0.928,0.012,0.018,0.019,34258,66.43756532,56.67778599,67,B,0
2018,VT01,403,1,Vermont,"WELCH, Peter",NA,-0.407,20750,0,1,0,0,0,0,0,1,568,38,0.475407765,VT,0.926,0.012,0.019,0.02,35003,66.43756532,56.67778599,67,B,0
2019,VT01,403,1,Vermont,"WELCH, Peter",NA,-0.407,20750,0,1,0,0,0,0,0,1,476,31,0.718,VT,0.925,0.013,0.014,0.02,36148,66.43756532,56.67778599,67,B,0
2020,VT01,403,1,Vermont,"WELCH, Peter",NA,-0.407,20750,0,1,0,0,0,0,0,1,737,43,0.738331829,VT,0.924,0.012,0.016,0.02,35854,66.43756532,56.67778599,67,B,0
2013,WA06,420,6,Washington,"KILMER, Derek",NA,-0.31,21368,0,1,0,0,0,0,0,1,178,10,0.391828855,WA,0.779,0.031,0.044,0.072,32667,57.40239587,51.83187584,56.1,B,0
2014,WA06,420,6,Washington,"KILMER, Derek",NA,-0.31,21368,0,1,0,0,0,0,0,1,337,22,0.459059037,WA,0.771,0.035,0.041,0.077,33094,57.40239587,51.83187584,56.1,B,0
2015,WA06,420,6,Washington,"KILMER, Derek",NA,-0.31,21368,0,1,0,0,0,0,0,1,324,16,0.540334122,WA,0.777,0.032,0.039,0.072,33482,57.40239587,51.83187584,56.1,B,0
2016,WA06,420,6,Washington,"KILMER, Derek",NA,-0.31,21368,0,1,0,0,0,0,0,1,528,27,0.525502997,WA,0.76,0.036,0.041,0.08,35204,57.40239587,51.83187584,56.1,B,0
2017,WA06,420,6,Washington,"KILMER, Derek",NA,-0.31,21368,0,1,0,0,0,0,0,1,392,21,0.605545096,WA,0.766,0.033,0.044,0.077,35499,57.40239587,51.83187584,56.1,B,0
2018,WA06,420,6,Washington,"KILMER, Derek",NA,-0.31,21368,0,1,0,0,0,0,0,1,640,30,0.56436716,WA,0.759,0.03,0.043,0.078,37606,57.40239587,51.83187584,56.1,B,0
2019,WA06,420,6,Washington,"KILMER, Derek",NA,-0.31,21368,0,1,0,0,0,0,0,1,502,28,0.707,WA,0.758,0.039,0.037,0.08,37988,57.40239587,51.83187584,56.1,B,0
2020,WA06,420,6,Washington,"KILMER, Derek",NA,-0.31,21368,0,1,0,0,0,0,0,1,759,35,0.663680442,WA,0.759,0.033,0.039,0.079,37639,57.40239587,51.83187584,56.1,B,0
2013,WA09,423,9,Washington,"SMITH, Adam",NA,-0.286,29768,0,1,0,0,0,0,0,1,149,6,0.404079302,WA,0.485,0.104,0.219,0.12,37716,73.32898616,70.46656502,68.3,B,0
2014,WA09,423,9,Washington,"SMITH, Adam",NA,-0.286,29768,0,1,0,0,0,0,0,1,245,9,0.392177024,WA,0.461,0.103,0.239,0.121,41035,73.32898616,70.46656502,68.3,B,0
2015,WA09,423,9,Washington,"SMITH, Adam",NA,-0.286,29768,0,1,0,0,0,0,0,1,193,5,0.445733899,WA,0.472,0.107,0.221,0.127,42660,73.32898616,70.46656502,68.3,B,0
2016,WA09,423,9,Washington,"SMITH, Adam",NA,-0.286,29768,0,1,0,0,0,0,0,1,339,11,0.366534495,WA,0.465,0.106,0.221,0.124,43331,73.32898616,70.46656502,68.3,B,0
2017,WA09,423,9,Washington,"SMITH, Adam",NA,-0.286,29768,0,1,0,0,0,0,0,1,284,8,0.367887422,WA,0.457,0.111,0.229,0.125,46149,73.32898616,70.46656502,68.3,B,0
2018,WA09,423,9,Washington,"SMITH, Adam",NA,-0.286,29768,0,1,0,0,0,0,0,1,466,14,0.500695231,WA,0.43,0.125,0.232,0.133,45784,73.32898616,70.46656502,68.3,B,0
2019,WA09,423,9,Washington,"SMITH, Adam",NA,-0.286,29768,0,1,0,0,0,0,0,1,369,10,0.558,WA,0.438,0.117,0.239,0.129,50179,73.32898616,70.46656502,68.3,B,0
2020,WA09,423,9,Washington,"SMITH, Adam",NA,-0.286,29768,0,1,0,0,0,0,0,1,600,20,0.537871892,WA,0.437,0.114,0.239,0.128,48108,73.32898616,70.46656502,68.3,B,0
2013,WA10,424,10,Washington,"HECK, Denny",NA,-0.312,21369,0,1,0,0,0,0,0,1,115,2,0.038298123,WA,0.678,0.067,0.064,0.11,29273,56.1962306,51.25103265,56.3,B,0
2014,WA10,424,10,Washington,"HECK, Denny",NA,-0.312,21369,0,1,0,0,0,0,0,1,241,8,0.494286686,WA,0.675,0.057,0.065,0.11,30253,56.1962306,51.25103265,56.3,B,0
2015,WA10,424,10,Washington,"HECK, Denny",NA,-0.312,21369,0,1,0,0,0,0,0,1,180,5,0.322073998,WA,0.663,0.061,0.062,0.118,29799,56.1962306,51.25103265,56.3,B,0
2016,WA10,424,10,Washington,"HECK, Denny",NA,-0.312,21369,0,1,0,0,0,0,0,1,286,11,0.311731905,WA,0.672,0.057,0.063,0.112,32334,56.1962306,51.25103265,56.3,B,0
2017,WA10,424,10,Washington,"HECK, Denny",NA,-0.312,21369,0,1,0,0,0,0,0,1,248,3,0.237171384,WA,0.66,0.061,0.064,0.117,32908,56.1962306,51.25103265,56.3,B,0
2018,WA10,424,10,Washington,"HECK, Denny",NA,-0.312,21369,0,1,0,0,0,0,0,1,362,11,0.425127928,WA,0.65,0.064,0.069,0.123,33501,56.1962306,51.25103265,56.3,B,0
2019,WA10,424,10,Washington,"HECK, Denny",NA,-0.312,21369,0,1,0,0,0,0,0,1,318,14,0.505,WA,0.641,0.062,0.072,0.126,35210,56.1962306,51.25103265,56.3,B,0
2020,WA10,424,10,Washington,"HECK, Denny",NA,-0.312,21369,0,1,0,0,0,0,0,1,502,20,0.63025926,WA,0.646,0.063,0.068,0.123,33817,56.1962306,51.25103265,56.3,B,0
2013,WI02,429,2,Wisconsin,"POCAN, Mark",NA,-0.535,21370,0,1,0,0,0,0,0,1,317,4,0.566044249,WI,0.832,0.042,0.039,0.061,34498,69.37081304,65.77156658,68.3,B,0
2014,WI02,429,2,Wisconsin,"POCAN, Mark",NA,-0.535,21370,0,1,0,0,0,0,0,1,528,14,0.520782064,WI,0.829,0.043,0.04,0.063,34512,69.37081304,65.77156658,68.3,B,0
2015,WI02,429,2,Wisconsin,"POCAN, Mark",NA,-0.535,21370,0,1,0,0,0,0,0,1,480,14,0.569758188,WI,0.828,0.043,0.041,0.062,36661,69.37081304,65.77156658,68.3,B,0
2016,WI02,429,2,Wisconsin,"POCAN, Mark",NA,-0.535,21370,0,1,0,0,0,0,0,1,703,20,0.529594227,WI,0.82,0.042,0.043,0.065,37666,69.37081304,65.77156658,68.3,B,0
2017,WI02,429,2,Wisconsin,"POCAN, Mark",NA,-0.535,21370,0,1,0,0,0,0,0,1,495,12,0.549539417,WI,0.813,0.044,0.046,0.067,37665,69.37081304,65.77156658,68.3,B,0
2018,WI02,429,2,Wisconsin,"POCAN, Mark",NA,-0.535,21370,0,1,0,0,0,0,0,1,768,19,0.53509865,WI,0.816,0.042,0.043,0.067,38641,69.37081304,65.77156658,68.3,B,0
2019,WI02,429,2,Wisconsin,"POCAN, Mark",NA,-0.535,21370,0,1,0,0,0,0,0,1,588,22,0.811,WI,0.813,0.043,0.045,0.068,39809,69.37081304,65.77156658,68.3,B,0
2020,WI02,429,2,Wisconsin,"POCAN, Mark",NA,-0.535,21370,0,1,0,0,0,0,0,1,889,35,0.784595516,WI,0.81,0.042,0.044,0.067,38783,69.37081304,65.77156658,68.3,B,0
2013,WI03,430,3,Wisconsin,"KIND, Ron",NA,-0.26,29769,0,1,0,0,0,0,0,1,185,17,0.525455892,WI,0.927,0.009,0.02,0.023,27217,46.80086032,44.77729416,54.8,B,0
2014,WI03,430,3,Wisconsin,"KIND, Ron",NA,-0.26,29769,0,1,0,0,0,0,0,1,315,25,0.540392015,WI,0.924,0.01,0.023,0.024,28221,46.80086032,44.77729416,54.8,B,0
2015,WI03,430,3,Wisconsin,"KIND, Ron",NA,-0.26,29769,0,1,0,0,0,0,0,1,254,21,0.488173866,WI,0.922,0.01,0.024,0.025,29165,46.80086032,44.77729416,54.8,B,0
2016,WI03,430,3,Wisconsin,"KIND, Ron",NA,-0.26,29769,0,1,0,0,0,0,0,1,417,27,0.464304364,WI,0.92,0.012,0.021,0.026,29313,46.80086032,44.77729416,54.8,B,0
2017,WI03,430,3,Wisconsin,"KIND, Ron",NA,-0.26,29769,0,1,0,0,0,0,0,1,318,18,0.436815954,WI,0.918,0.012,0.02,0.027,30065,46.80086032,44.77729416,54.8,B,0
2018,WI03,430,3,Wisconsin,"KIND, Ron",NA,-0.26,29769,0,1,0,0,0,0,0,1,454,21,0.397814601,WI,0.913,0.011,0.024,0.028,30327,46.80086032,44.77729416,54.8,B,0
2019,WI03,430,3,Wisconsin,"KIND, Ron",NA,-0.26,29769,0,1,0,0,0,0,0,1,294,38,0.968,WI,0.913,0.015,0.025,0.029,31749,46.80086032,44.77729416,54.8,B,0
2020,WI03,430,3,Wisconsin,"KIND, Ron",NA,-0.26,29769,0,1,0,0,0,0,0,1,433,53,0.931200777,WI,0.912,0.012,0.022,0.029,30978,46.80086032,44.77729416,54.8,B,0
2013,NY14,272,14,New York,"CROWLEY, Joseph",NA,-0.412,29925,0,0,0,0,0,NA,NA,1,124,9,0.641807635,NY,0.228,0.097,0.16,0.498,26725,73.29692011,77.67528716,80.7,B,1
2014,NY14,272,14,New York,"CROWLEY, Joseph",NA,-0.412,29925,0,0,0,0,0,NA,NA,1,229,22,0.675254982,NY,0.239,0.098,0.167,0.479,25403,73.29692011,77.67528716,80.7,B,1
2015,NY14,272,14,New York,"CROWLEY, Joseph",NA,-0.412,29925,0,0,0,0,0,NA,NA,1,146,12,0.542588498,NY,0.23,0.097,0.176,0.475,26858,73.29692011,77.67528716,80.7,B,1
2016,NY14,272,14,New York,"CROWLEY, Joseph",NA,-0.412,29925,0,0,0,0,0,NA,NA,1,255,20,0.568725123,NY,0.224,0.094,0.16,0.498,27680,73.29692011,77.67528716,80.7,B,1
2017,NY14,272,14,New York,"CROWLEY, Joseph",NA,-0.412,29925,0,0,0,0,0,NA,NA,1,208,32,0.644778006,NY,0.237,0.092,0.175,0.477,28930,73.29692011,77.67528716,80.7,B,1
2018,NY14,272,14,New York,"CROWLEY, Joseph",NA,-0.412,29925,0,0,0,0,0,NA,NA,1,328,46,0.624890457,NY,0.217,0.09,0.168,0.505,28768,73.29692011,77.67528716,80.7,B,1
2019,NY14,272,14,New York,AOC,NA,-0.257,21949,1,0,0,1,0,0,0,1,350,10,0.551,NY,0.216,0.084,0.177,0.499,30848,73.29692011,77.67528716,80.7,B,1
2020,NY14,272,14,New York,AOC,NA,-0.257,21949,1,0,0,1,0,0,0,1,528,23,0.47814118,NY,0.223,0.088,0.171,0.493,29356,73.29692011,77.67528716,80.7,B,1