YearsExperience,Salary,Sex
1.1,39343,Female
1.3,46205,Male
1.5,37731,Male
2,43525,Female
2.2,39891,Female
2.9,56642,Female
3,60150,Male
3.2,54445,Male
3.2,64445,Female
3.7,57189,Male
3.9,63218,Male
4,55794,Female
4,56957,Female
4.1,57081,Male
4.5,61111,Male
4.9,67938,Male
5.1,66029,Female
5.3,83088,Male
5.9,81363,Male
6,93940,Female
6.8,91738,Female
7.1,98273,Female
7.9,101302,Male
8.2,113812,Female
8.7,109431,Female
9,105582,Male
9.5,116969,Male
9.6,112635,Male
10.3,122391,Male
10.5,121872,Female